{
  "run_id": "20260710_030500",
  "stage": "u1_faar_p4_only",
  "config": {
    "yaml": "yolov13_faar_p4_only.yaml",
    "structure": "U1: semantic FAARUp at P5->P4 only"
  },
  "rows_percent": [
    {
      "stage": "u1_faar_p4_only",
      "seed": 0,
      "yaml": "yolov13_faar_p4_only.yaml",
      "structure": "U1: semantic FAARUp at P5->P4 only",
      "summary_path": "/home/rom305/zzf/yolov13-305/runs/test/lgar_20260710_030500_u1_faar_p4_only_seed0/summary_metrics.json",
      "P": 82.8560556115204,
      "R": 79.50565689525465,
      "mAP50": 85.5305568759714,
      "mAP75": 56.26536868336935,
      "mAP50-95": 51.42300964966351,
      "APS": 17.75974300381773,
      "APM": 43.881898029266786,
      "APL": 53.52816080965217
    },
    {
      "stage": "u1_faar_p4_only",
      "seed": 1,
      "yaml": "yolov13_faar_p4_only.yaml",
      "structure": "U1: semantic FAARUp at P5->P4 only",
      "summary_path": "/home/rom305/zzf/yolov13-305/runs/test/lgar_20260710_030500_u1_faar_p4_only_seed1/summary_metrics.json",
      "P": 83.893632691161,
      "R": 79.24273694826974,
      "mAP50": 85.31509897241274,
      "mAP75": 55.82363760320239,
      "mAP50-95": 51.21409701510824,
      "APS": 16.714491133540694,
      "APM": 43.806432851032376,
      "APL": 54.2180709966059
    },
    {
      "stage": "u1_faar_p4_only",
      "seed": 2,
      "yaml": "yolov13_faar_p4_only.yaml",
      "structure": "U1: semantic FAARUp at P5->P4 only",
      "summary_path": "/home/rom305/zzf/yolov13-305/runs/test/lgar_20260710_030500_u1_faar_p4_only_seed2/summary_metrics.json",
      "P": 85.1281639444667,
      "R": 77.85902926535375,
      "mAP50": 85.35723502676723,
      "mAP75": 57.04179626896687,
      "mAP50-95": 51.62336484566366,
      "APS": 17.075000179339078,
      "APM": 43.686614463750736,
      "APL": 54.219380206324864
    }
  ],
  "detail": {
    "P": {
      "values": [
        82.8560556115204,
        83.893632691161,
        85.1281639444667
      ],
      "mean": 83.9592840823827,
      "std": 1.1374759988843788
    },
    "R": {
      "values": [
        79.50565689525465,
        79.24273694826974,
        77.85902926535375
      ],
      "mean": 78.86914103629272,
      "std": 0.8846050344491123
    },
    "mAP50": {
      "values": [
        85.5305568759714,
        85.31509897241274,
        85.35723502676723
      ],
      "mean": 85.40096362505045,
      "std": 0.1141913735022701
    },
    "mAP75": {
      "values": [
        56.26536868336935,
        55.82363760320239,
        57.04179626896687
      ],
      "mean": 56.37693418517954,
      "std": 0.6166950459018555
    },
    "mAP50-95": {
      "values": [
        51.42300964966351,
        51.21409701510824,
        51.62336484566366
      ],
      "mean": 51.42015717014514,
      "std": 0.2046488254582405
    },
    "APS": {
      "values": [
        17.75974300381773,
        16.714491133540694,
        17.075000179339078
      ],
      "mean": 17.183078105565833,
      "std": 0.5309411423901116
    },
    "APM": {
      "values": [
        43.881898029266786,
        43.806432851032376,
        43.686614463750736
      ],
      "mean": 43.79164844801664,
      "std": 0.09847767091866194
    },
    "APL": {
      "values": [
        53.52816080965217,
        54.2180709966059,
        54.219380206324864
      ],
      "mean": 53.988537337527646,
      "std": 0.3986983058297722
    }
  }
}