{
  "run_id": "20260710_030500",
  "stage": "g2_lgar_p3",
  "config": {
    "yaml": "yolov13_lgar_p3.yaml",
    "structure": "G2: detail LGARUp at P4->P3 only"
  },
  "rows_percent": [
    {
      "stage": "g2_lgar_p3",
      "seed": 0,
      "yaml": "yolov13_lgar_p3.yaml",
      "structure": "G2: detail LGARUp at P4->P3 only",
      "summary_path": "/home/rom305/zzf/yolov13-305/runs/test/lgar_20260710_030500_g2_lgar_p3_seed0/summary_metrics.json",
      "P": 84.97817782680184,
      "R": 78.8096180517875,
      "mAP50": 85.66538650337544,
      "mAP75": 56.717117036255104,
      "mAP50-95": 51.30051386484601,
      "APS": 17.185730099348408,
      "APM": 43.738064750036735,
      "APL": 53.91350265913803
    },
    {
      "stage": "g2_lgar_p3",
      "seed": 1,
      "yaml": "yolov13_lgar_p3.yaml",
      "structure": "G2: detail LGARUp at P4->P3 only",
      "summary_path": "/home/rom305/zzf/yolov13-305/runs/test/lgar_20260710_030500_g2_lgar_p3_seed1/summary_metrics.json",
      "P": 83.50902584004048,
      "R": 79.2416203814767,
      "mAP50": 85.57861081380405,
      "mAP75": 55.698400284836715,
      "mAP50-95": 51.104697800946866,
      "APS": 18.275090347803822,
      "APM": 43.410933206394624,
      "APL": 53.98146577298224
    },
    {
      "stage": "g2_lgar_p3",
      "seed": 2,
      "yaml": "yolov13_lgar_p3.yaml",
      "structure": "G2: detail LGARUp at P4->P3 only",
      "summary_path": "/home/rom305/zzf/yolov13-305/runs/test/lgar_20260710_030500_g2_lgar_p3_seed2/summary_metrics.json",
      "P": 83.09624395705038,
      "R": 79.70767766588942,
      "mAP50": 85.37213629508462,
      "mAP75": 57.806110924020174,
      "mAP50-95": 51.7546286761271,
      "APS": 17.225055298699207,
      "APM": 43.81981139501527,
      "APL": 54.72871594199378
    }
  ],
  "detail": {
    "P": {
      "values": [
        84.97817782680184,
        83.50902584004048,
        83.09624395705038
      ],
      "mean": 83.86114920796423,
      "std": 0.989147068037865
    },
    "R": {
      "values": [
        78.8096180517875,
        79.2416203814767,
        79.70767766588942
      ],
      "mean": 79.25297203305121,
      "std": 0.44913740950329034
    },
    "mAP50": {
      "values": [
        85.66538650337544,
        85.57861081380405,
        85.37213629508462
      ],
      "mean": 85.53871120408803,
      "std": 0.15064164532847857
    },
    "mAP75": {
      "values": [
        56.717117036255104,
        55.698400284836715,
        57.806110924020174
      ],
      "mean": 56.740542748370665,
      "std": 1.0540505716628956
    },
    "mAP50-95": {
      "values": [
        51.30051386484601,
        51.104697800946866,
        51.7546286761271
      ],
      "mean": 51.38661344730665,
      "std": 0.333410241598933
    },
    "APS": {
      "values": [
        17.185730099348408,
        18.275090347803822,
        17.225055298699207
      ],
      "mean": 17.561958581950478,
      "std": 0.6179031513334636
    },
    "APM": {
      "values": [
        43.738064750036735,
        43.410933206394624,
        43.81981139501527
      ],
      "mean": 43.65626978381554,
      "std": 0.21636348041379308
    },
    "APL": {
      "values": [
        53.91350265913803,
        53.98146577298224,
        54.72871594199378
      ],
      "mean": 54.20789479137135,
      "std": 0.45232261651679734
    }
  }
}