{
  "run_id": "20260710_030500",
  "stage": "g4_lgar_p4_no_lateral",
  "config": {
    "yaml": "yolov13_lgar_p4_no_lateral.yaml",
    "structure": "G4: G1 without lateral guidance"
  },
  "rows_percent": [
    {
      "stage": "g4_lgar_p4_no_lateral",
      "seed": 0,
      "yaml": "yolov13_lgar_p4_no_lateral.yaml",
      "structure": "G4: G1 without lateral guidance",
      "summary_path": "/home/rom305/zzf/yolov13-305/runs/test/lgar_20260710_030500_g4_lgar_p4_no_lateral_seed0/summary_metrics.json",
      "P": 82.50997305037745,
      "R": 80.26006603076618,
      "mAP50": 85.26962637742737,
      "mAP75": 56.578563235127824,
      "mAP50-95": 51.51125853874634,
      "APS": 16.655615812773327,
      "APM": 44.34395368486147,
      "APL": 54.51091637602522
    },
    {
      "stage": "g4_lgar_p4_no_lateral",
      "seed": 1,
      "yaml": "yolov13_lgar_p4_no_lateral.yaml",
      "structure": "G4: G1 without lateral guidance",
      "summary_path": "/home/rom305/zzf/yolov13-305/runs/test/lgar_20260710_030500_g4_lgar_p4_no_lateral_seed1/summary_metrics.json",
      "P": 83.45974602967728,
      "R": 79.83096440828108,
      "mAP50": 85.43289679494517,
      "mAP75": 56.46919759871925,
      "mAP50-95": 51.3935328470758,
      "APS": 17.568636125555166,
      "APM": 43.663411833997436,
      "APL": 54.11142007895716
    },
    {
      "stage": "g4_lgar_p4_no_lateral",
      "seed": 2,
      "yaml": "yolov13_lgar_p4_no_lateral.yaml",
      "structure": "G4: G1 without lateral guidance",
      "summary_path": "/home/rom305/zzf/yolov13-305/runs/test/lgar_20260710_030500_g4_lgar_p4_no_lateral_seed2/summary_metrics.json",
      "P": 82.52062024017715,
      "R": 79.56318218540196,
      "mAP50": 85.2708555496905,
      "mAP75": 56.233898177251376,
      "mAP50-95": 51.09305199508599,
      "APS": 19.06925202911263,
      "APM": 43.681879109681105,
      "APL": 53.4869640818709
    }
  ],
  "detail": {
    "P": {
      "values": [
        82.50997305037745,
        83.45974602967728,
        82.52062024017715
      ],
      "mean": 82.83011310674397,
      "std": 0.5453040930470088
    },
    "R": {
      "values": [
        80.26006603076618,
        79.83096440828108,
        79.56318218540196
      ],
      "mean": 79.88473754148306,
      "std": 0.35154009141657994
    },
    "mAP50": {
      "values": [
        85.26962637742737,
        85.43289679494517,
        85.2708555496905
      ],
      "mean": 85.32445957402102,
      "std": 0.09391139908141363
    },
    "mAP75": {
      "values": [
        56.578563235127824,
        56.46919759871925,
        56.233898177251376
      ],
      "mean": 56.42721967036615,
      "std": 0.1761252690043571
    },
    "mAP50-95": {
      "values": [
        51.51125853874634,
        51.3935328470758,
        51.09305199508599
      ],
      "mean": 51.332614460302715,
      "std": 0.21565589645395716
    },
    "APS": {
      "values": [
        16.655615812773327,
        17.568636125555166,
        19.06925202911263
      ],
      "mean": 17.764501322480374,
      "std": 1.218680568373472
    },
    "APM": {
      "values": [
        44.34395368486147,
        43.663411833997436,
        43.681879109681105
      ],
      "mean": 43.896414876179996,
      "std": 0.38768995218449065
    },
    "APL": {
      "values": [
        54.51091637602522,
        54.11142007895716,
        53.4869640818709
      ],
      "mean": 54.036433512284425,
      "std": 0.5160783022584817
    }
  }
}