{
  "run_id": "20260710_030500",
  "stage": "g5_lgar_p4_no_offset",
  "config": {
    "yaml": "yolov13_lgar_p4_no_offset.yaml",
    "structure": "G5: G1 without learned offset"
  },
  "rows_percent": [
    {
      "stage": "g5_lgar_p4_no_offset",
      "seed": 0,
      "yaml": "yolov13_lgar_p4_no_offset.yaml",
      "structure": "G5: G1 without learned offset",
      "summary_path": "/home/rom305/zzf/yolov13-305/runs/test/lgar_20260710_030500_g5_lgar_p4_no_offset_seed0/summary_metrics.json",
      "P": 84.2057704832424,
      "R": 78.23512012018494,
      "mAP50": 85.41005340366443,
      "mAP75": 55.82894488080883,
      "mAP50-95": 50.954798153580974,
      "APS": 17.113718902265163,
      "APM": 43.53540864104014,
      "APL": 53.860560425214366
    },
    {
      "stage": "g5_lgar_p4_no_offset",
      "seed": 1,
      "yaml": "yolov13_lgar_p4_no_offset.yaml",
      "structure": "G5: G1 without learned offset",
      "summary_path": "/home/rom305/zzf/yolov13-305/runs/test/lgar_20260710_030500_g5_lgar_p4_no_offset_seed1/summary_metrics.json",
      "P": 82.66624902235876,
      "R": 80.22567026813235,
      "mAP50": 85.53243842202092,
      "mAP75": 56.27814616498505,
      "mAP50-95": 51.24642587896565,
      "APS": 17.319616047278284,
      "APM": 43.72315380073135,
      "APL": 54.4073195838804
    },
    {
      "stage": "g5_lgar_p4_no_offset",
      "seed": 2,
      "yaml": "yolov13_lgar_p4_no_offset.yaml",
      "structure": "G5: G1 without learned offset",
      "summary_path": "/home/rom305/zzf/yolov13-305/runs/test/lgar_20260710_030500_g5_lgar_p4_no_offset_seed2/summary_metrics.json",
      "P": 83.22280242952941,
      "R": 78.53642653849164,
      "mAP50": 85.15722662832468,
      "mAP75": 57.62700593418604,
      "mAP50-95": 51.583762746949915,
      "APS": 17.88516554577911,
      "APM": 44.094803619107125,
      "APL": 53.36292068594044
    }
  ],
  "detail": {
    "P": {
      "values": [
        84.2057704832424,
        82.66624902235876,
        83.22280242952941
      ],
      "mean": 83.36494064504352,
      "std": 0.7795409138476845
    },
    "R": {
      "values": [
        78.23512012018494,
        80.22567026813235,
        78.53642653849164
      ],
      "mean": 78.9990723089363,
      "std": 1.0728948245546317
    },
    "mAP50": {
      "values": [
        85.41005340366443,
        85.53243842202092,
        85.15722662832468
      ],
      "mean": 85.36657281800335,
      "std": 0.1913475725721668
    },
    "mAP75": {
      "values": [
        55.82894488080883,
        56.27814616498505,
        57.62700593418604
      ],
      "mean": 56.57803232665997,
      "std": 0.9357909330566727
    },
    "mAP50-95": {
      "values": [
        50.954798153580974,
        51.24642587896565,
        51.583762746949915
      ],
      "mean": 51.26166225983218,
      "std": 0.3147589957481309
    },
    "APS": {
      "values": [
        17.113718902265163,
        17.319616047278284,
        17.88516554577911
      ],
      "mean": 17.439500165107518,
      "std": 0.39945166444515423
    },
    "APM": {
      "values": [
        43.53540864104014,
        43.72315380073135,
        44.094803619107125
      ],
      "mean": 43.78445535362621,
      "std": 0.2846912286357459
    },
    "APL": {
      "values": [
        53.860560425214366,
        54.4073195838804,
        53.36292068594044
      ],
      "mean": 53.87693356501173,
      "std": 0.5223919259374811
    }
  }
}