{
  "run_id": "20260710_030500",
  "stage": "g3_lgar",
  "config": {
    "yaml": "yolov13_lgar.yaml",
    "structure": "G3: LGARUp at both top-down nodes"
  },
  "rows_percent": [
    {
      "stage": "g3_lgar",
      "seed": 0,
      "yaml": "yolov13_lgar.yaml",
      "structure": "G3: LGARUp at both top-down nodes",
      "summary_path": "/home/rom305/zzf/yolov13-305/runs/test/lgar_20260710_030500_g3_lgar_seed0/summary_metrics.json",
      "P": 83.10949326897733,
      "R": 78.94484066137571,
      "mAP50": 84.77185706303933,
      "mAP75": 56.417973353282925,
      "mAP50-95": 51.13451447464274,
      "APS": 17.293713480954963,
      "APM": 43.36331495225476,
      "APL": 53.77322317076762
    },
    {
      "stage": "g3_lgar",
      "seed": 1,
      "yaml": "yolov13_lgar.yaml",
      "structure": "G3: LGARUp at both top-down nodes",
      "summary_path": "/home/rom305/zzf/yolov13-305/runs/test/lgar_20260710_030500_g3_lgar_seed1/summary_metrics.json",
      "P": 82.6227905673577,
      "R": 80.15314582169052,
      "mAP50": 85.32627137985897,
      "mAP75": 56.001965572153324,
      "mAP50-95": 51.32512517677642,
      "APS": 17.721142562994753,
      "APM": 43.69775374237078,
      "APL": 53.86522800264842
    },
    {
      "stage": "g3_lgar",
      "seed": 2,
      "yaml": "yolov13_lgar.yaml",
      "structure": "G3: LGARUp at both top-down nodes",
      "summary_path": "/home/rom305/zzf/yolov13-305/runs/test/lgar_20260710_030500_g3_lgar_seed2/summary_metrics.json",
      "P": 82.90894652637701,
      "R": 79.20035606016455,
      "mAP50": 85.22990570591892,
      "mAP75": 56.43786982371307,
      "mAP50-95": 51.33205735656545,
      "APS": 18.30208853720029,
      "APM": 43.588245645448566,
      "APL": 54.419498992651626
    }
  ],
  "detail": {
    "P": {
      "values": [
        83.10949326897733,
        82.6227905673577,
        82.90894652637701
      ],
      "mean": 82.88041012090402,
      "std": 0.24460299419457682
    },
    "R": {
      "values": [
        78.94484066137571,
        80.15314582169052,
        79.20035606016455
      ],
      "mean": 79.43278084774359,
      "std": 0.6368016186550719
    },
    "mAP50": {
      "values": [
        84.77185706303933,
        85.32627137985897,
        85.22990570591892
      ],
      "mean": 85.1093447162724,
      "std": 0.29621786381319937
    },
    "mAP75": {
      "values": [
        56.417973353282925,
        56.001965572153324,
        56.43786982371307
      ],
      "mean": 56.285936249716435,
      "std": 0.24612695234499596
    },
    "mAP50-95": {
      "values": [
        51.13451447464274,
        51.32512517677642,
        51.33205735656545
      ],
      "mean": 51.26389900266154,
      "std": 0.11210388417508774
    },
    "APS": {
      "values": [
        17.293713480954963,
        17.721142562994753,
        18.30208853720029
      ],
      "mean": 17.772314860383336,
      "std": 0.5061314221913722
    },
    "APM": {
      "values": [
        43.36331495225476,
        43.69775374237078,
        43.588245645448566
      ],
      "mean": 43.54977144669137,
      "std": 0.1705066686703856
    },
    "APL": {
      "values": [
        53.77322317076762,
        53.86522800264842,
        54.419498992651626
      ],
      "mean": 54.01931672202255,
      "std": 0.3496077939158847
    }
  }
}