{
  "run_id": "20260710_030500",
  "stage": "u2_faar_p3_only",
  "config": {
    "yaml": "yolov13_faar_p3_only.yaml",
    "structure": "U2: detail FAARUp at P4->P3 only"
  },
  "rows_percent": [
    {
      "stage": "u2_faar_p3_only",
      "seed": 0,
      "yaml": "yolov13_faar_p3_only.yaml",
      "structure": "U2: detail FAARUp at P4->P3 only",
      "summary_path": "/home/rom305/zzf/yolov13-305/runs/test/lgar_20260710_030500_u2_faar_p3_only_seed0/summary_metrics.json",
      "P": 83.44703442684104,
      "R": 78.85500472783163,
      "mAP50": 84.8760390143782,
      "mAP75": 56.805568863479174,
      "mAP50-95": 51.1689899139032,
      "APS": 16.87905283272388,
      "APM": 43.79878320028676,
      "APL": 53.93696357253454
    },
    {
      "stage": "u2_faar_p3_only",
      "seed": 1,
      "yaml": "yolov13_faar_p3_only.yaml",
      "structure": "U2: detail FAARUp at P4->P3 only",
      "summary_path": "/home/rom305/zzf/yolov13-305/runs/test/lgar_20260710_030500_u2_faar_p3_only_seed1/summary_metrics.json",
      "P": 83.09252321113166,
      "R": 79.39465158393844,
      "mAP50": 85.35004870829796,
      "mAP75": 56.08264152229957,
      "mAP50-95": 51.33394333149879,
      "APS": 16.51472189372732,
      "APM": 43.813360016170115,
      "APL": 54.52195523935828
    },
    {
      "stage": "u2_faar_p3_only",
      "seed": 2,
      "yaml": "yolov13_faar_p3_only.yaml",
      "structure": "U2: detail FAARUp at P4->P3 only",
      "summary_path": "/home/rom305/zzf/yolov13-305/runs/test/lgar_20260710_030500_u2_faar_p3_only_seed2/summary_metrics.json",
      "P": 83.94049096817086,
      "R": 79.54860956379095,
      "mAP50": 85.65359696516984,
      "mAP75": 56.99084610125116,
      "mAP50-95": 51.57203336644469,
      "APS": 18.121600244145103,
      "APM": 43.85923447737657,
      "APL": 54.54916843139927
    }
  ],
  "detail": {
    "P": {
      "values": [
        83.44703442684104,
        83.09252321113166,
        83.94049096817086
      ],
      "mean": 83.49334953538118,
      "std": 0.4258769143823566
    },
    "R": {
      "values": [
        78.85500472783163,
        79.39465158393844,
        79.54860956379095
      ],
      "mean": 79.26608862518701,
      "std": 0.3642365205312769
    },
    "mAP50": {
      "values": [
        84.8760390143782,
        85.35004870829796,
        85.65359696516984
      ],
      "mean": 85.29322822928201,
      "std": 0.39188074313052007
    },
    "mAP75": {
      "values": [
        56.805568863479174,
        56.08264152229957,
        56.99084610125116
      ],
      "mean": 56.6263521623433,
      "std": 0.47989359110294194
    },
    "mAP50-95": {
      "values": [
        51.1689899139032,
        51.33394333149879,
        51.57203336644469
      ],
      "mean": 51.35832220394889,
      "std": 0.20262466095121828
    },
    "APS": {
      "values": [
        16.87905283272388,
        16.51472189372732,
        18.121600244145103
      ],
      "mean": 17.171791656865434,
      "std": 0.8424882922807768
    },
    "APM": {
      "values": [
        43.79878320028676,
        43.813360016170115,
        43.85923447737657
      ],
      "mean": 43.82379256461115,
      "std": 0.03154707237887452
    },
    "APL": {
      "values": [
        53.93696357253454,
        54.52195523935828,
        54.54916843139927
      ],
      "mean": 54.336029081097365,
      "std": 0.3458686160215246
    }
  }
}