{
  "run_id": "20260710_030500",
  "stage": "g1_lgar_p4",
  "config": {
    "yaml": "yolov13_lgar_p4.yaml",
    "structure": "G1: semantic LGARUp at P5->P4 only"
  },
  "rows_percent": [
    {
      "stage": "g1_lgar_p4",
      "seed": 0,
      "yaml": "yolov13_lgar_p4.yaml",
      "structure": "G1: semantic LGARUp at P5->P4 only",
      "summary_path": "/home/rom305/zzf/yolov13-305/runs/test/lgar_20260710_030500_g1_lgar_p4_seed0/summary_metrics.json",
      "P": 83.50319132181903,
      "R": 79.03994526389826,
      "mAP50": 85.19759578567509,
      "mAP75": 56.63228951655421,
      "mAP50-95": 51.36316626378233,
      "APS": 14.227177578420417,
      "APM": 44.09719212180491,
      "APL": 54.481294115641575
    },
    {
      "stage": "g1_lgar_p4",
      "seed": 1,
      "yaml": "yolov13_lgar_p4.yaml",
      "structure": "G1: semantic LGARUp at P5->P4 only",
      "summary_path": "/home/rom305/zzf/yolov13-305/runs/test/lgar_20260710_030500_g1_lgar_p4_seed1/summary_metrics.json",
      "P": 84.2093217039636,
      "R": 79.00087077400303,
      "mAP50": 85.37644644739586,
      "mAP75": 56.84961508960298,
      "mAP50-95": 51.48332634916459,
      "APS": 16.0572571653628,
      "APM": 44.065948980108175,
      "APL": 54.12293610876782
    },
    {
      "stage": "g1_lgar_p4",
      "seed": 2,
      "yaml": "yolov13_lgar_p4.yaml",
      "structure": "G1: semantic LGARUp at P5->P4 only",
      "summary_path": "/home/rom305/zzf/yolov13-305/runs/test/lgar_20260710_030500_g1_lgar_p4_seed2/summary_metrics.json",
      "P": 83.3889927168844,
      "R": 77.95677135504513,
      "mAP50": 85.09840020583482,
      "mAP75": 56.50082438134332,
      "mAP50-95": 51.179062179498615,
      "APS": 17.792197731420867,
      "APM": 43.20084513466048,
      "APL": 54.0992967658388
    }
  ],
  "detail": {
    "P": {
      "values": [
        83.50319132181903,
        84.2093217039636,
        83.3889927168844
      ],
      "mean": 83.70050191422234,
      "std": 0.4443349121625526
    },
    "R": {
      "values": [
        79.03994526389826,
        79.00087077400303,
        77.95677135504513
      ],
      "mean": 78.66586246431548,
      "std": 0.6144016234311445
    },
    "mAP50": {
      "values": [
        85.19759578567509,
        85.37644644739586,
        85.09840020583482
      ],
      "mean": 85.22414747963525,
      "std": 0.140911931541198
    },
    "mAP75": {
      "values": [
        56.63228951655421,
        56.84961508960298,
        56.50082438134332
      ],
      "mean": 56.66090966250017,
      "std": 0.17614787568274626
    },
    "mAP50-95": {
      "values": [
        51.36316626378233,
        51.48332634916459,
        51.179062179498615
      ],
      "mean": 51.34185159748185,
      "std": 0.15324786290600412
    },
    "APS": {
      "values": [
        14.227177578420417,
        16.0572571653628,
        17.792197731420867
      ],
      "mean": 16.02554415840136,
      "std": 1.7827216437045748
    },
    "APM": {
      "values": [
        44.09719212180491,
        44.065948980108175,
        43.20084513466048
      ],
      "mean": 43.78799541219119,
      "std": 0.508726959949106
    },
    "APL": {
      "values": [
        54.481294115641575,
        54.12293610876782,
        54.0992967658388
      ],
      "mean": 54.23450899674939,
      "std": 0.2140487697079765
    }
  }
}